0.0002	1.79E-07
0.0004	3.15E-07
0.0006	4.29E-07
0.0008	5.29E-07
0.001	6.21E-07
0.0012	7.05E-07
0.0014	7.83E-07
0.0016	8.57E-07
0.0018	9.28E-07
0.002	9.95E-07
0.0022	1.06E-06
0.0024	1.12E-06
0.0026	1.18E-06
0.0028	1.24E-06
0.003	1.30E-06
0.0032	1.35E-06
0.0034	1.40E-06
0.0036	1.46E-06
0.0038	1.51E-06
0.004	1.56E-06
0.0042	1.61E-06
0.0044	1.65E-06
0.0046	1.70E-06
0.0048	1.75E-06
0.005	1.79E-06
0.0052	1.83E-06
0.0054	1.88E-06
0.0056	1.92E-06
0.0058	1.96E-06
0.006	2.00E-06
0.0062	2.04E-06
0.0064	2.08E-06
0.0066	2.12E-06
0.0068	2.16E-06
0.007	2.20E-06
0.0072	2.24E-06
0.0074	2.28E-06
0.0076	2.31E-06
0.0078	2.35E-06
0.008	2.38E-06
0.0082	2.42E-06
0.0084	2.45E-06
0.0086	2.49E-06
0.0088	2.52E-06
0.009	2.56E-06
0.0092	2.59E-06
0.0094	2.62E-06
0.0096	2.65E-06
0.0098	2.69E-06
0.01	2.72E-06
0.0102	2.75E-06
0.0104	2.78E-06
0.0106	2.81E-06
0.0108	2.84E-06
0.011	2.87E-06
0.0112	2.90E-06
0.0114	2.93E-06
0.0116	2.96E-06
0.0118	2.98E-06
0.012	3.01E-06
0.0122	3.04E-06
0.0124	3.07E-06
0.0126	3.09E-06
0.0128	3.12E-06
0.013	3.15E-06
0.0132	3.17E-06
0.0134	3.20E-06
0.0136	3.23E-06
0.0138	3.25E-06
0.014	3.28E-06
0.0142	3.30E-06
0.0144	3.32E-06
0.0146	3.35E-06
0.0148	3.37E-06
0.015	3.40E-06
0.0152	3.42E-06
0.0154	3.44E-06
0.0156	3.47E-06
0.0158	3.49E-06
0.016	3.51E-06
0.0162	3.54E-06
0.0164	3.56E-06
0.0166	3.58E-06
0.0168	3.60E-06
0.017	3.62E-06
0.0172	3.64E-06
0.0174	3.67E-06
0.0176	3.69E-06
0.0178	3.71E-06
0.018	3.73E-06
0.0182	3.75E-06
0.0184	3.77E-06
0.0186	3.79E-06
0.0188	3.81E-06
0.019	3.83E-06
0.0192	3.85E-06
0.0194	3.87E-06
0.0196	3.89E-06
0.0198	3.91E-06
0.02	3.92E-06
0.0202	3.94E-06
0.0204	3.96E-06
0.0206	3.98E-06
0.0208	4.00E-06
0.021	4.02E-06
0.0212	4.04E-06
0.0214	4.05E-06
0.0216	4.07E-06
0.0218	4.09E-06
0.022	4.11E-06
0.0222	4.12E-06
0.0224	4.14E-06
0.0226	4.16E-06
0.0228	4.17E-06
0.023	4.19E-06
0.0232	4.21E-06
0.0234	4.22E-06
0.0236	4.24E-06
0.0238	4.26E-06
0.024	4.27E-06
0.0242	4.29E-06
0.0244	4.30E-06
0.0246	4.32E-06
0.0248	4.34E-06
0.025	4.35E-06
0.0252	4.37E-06
0.0254	4.38E-06
0.0256	4.40E-06
0.0258	4.41E-06
0.026	4.43E-06
0.0262	4.44E-06
0.0264	4.46E-06
0.0266	4.47E-06
0.0268	4.49E-06
0.027	4.50E-06
0.0272	4.52E-06
0.0274	4.53E-06
0.0276	4.54E-06
0.0278	4.56E-06
0.028	4.57E-06
0.0282	4.59E-06
0.0284	4.60E-06
0.0286	4.61E-06
0.0288	4.63E-06
0.029	4.64E-06
0.0292	4.66E-06
0.0294	4.67E-06
0.0296	4.68E-06
0.0298	4.70E-06
0.03	4.71E-06
0.0302	4.72E-06
0.0304	4.73E-06
0.0306	4.75E-06
0.0308	4.76E-06
0.031	4.77E-06
0.0312	4.79E-06
0.0314	4.80E-06
0.0316	4.81E-06
0.0318	4.82E-06
0.032	4.84E-06
0.0322	4.85E-06
0.0324	4.86E-06
0.0326	4.87E-06
0.0328	4.89E-06
0.033	4.90E-06
0.0332	4.91E-06
0.0334	4.92E-06
0.0336	4.93E-06
0.0338	4.95E-06
0.034	4.96E-06
0.0342	4.97E-06
0.0344	4.98E-06
0.0346	4.99E-06
0.0348	5.00E-06
0.035	5.02E-06
0.0352	5.03E-06
0.0354	5.04E-06
0.0356	5.05E-06
0.0358	5.06E-06
0.036	5.07E-06
0.0362	5.08E-06
0.0364	5.10E-06
0.0366	5.11E-06
0.0368	5.12E-06
0.037	5.13E-06
0.0372	5.14E-06
0.0374	5.15E-06
0.0376	5.16E-06
0.0378	5.17E-06
0.038	5.18E-06
0.038199999	5.19E-06
0.038399999	5.20E-06
0.038599999	5.21E-06
0.0388	5.23E-06
0.038999999	5.24E-06
0.039199999	5.25E-06
0.039399999	5.26E-06
0.039599999	5.27E-06
0.039799999	5.28E-06
0.04	5.29E-06
0.040199999	5.30E-06
0.040399999	5.31E-06
0.040599999	5.32E-06
0.040799999	5.33E-06
0.040999999	5.34E-06
0.041199999	5.35E-06
0.041399999	5.36E-06
0.041599999	5.37E-06
0.041799999	5.38E-06
0.041999999	5.39E-06
0.042199999	5.40E-06
0.0424	5.41E-06
0.042599999	5.42E-06
0.042799999	5.43E-06
0.042999999	5.44E-06
0.043199999	5.45E-06
0.043399999	5.46E-06
0.043599999	5.47E-06
0.043799999	5.48E-06
0.043999999	5.49E-06
0.044199999	5.50E-06
0.044399999	5.50E-06
0.044599999	5.51E-06
0.044799999	5.52E-06
0.044999999	5.53E-06
0.045199999	5.54E-06
0.045399999	5.55E-06
0.045599999	5.56E-06
0.045799999	5.57E-06
0.045999999	5.58E-06
0.046199999	5.59E-06
0.046399999	5.60E-06
0.046599999	5.61E-06
0.046799999	5.62E-06
0.046999999	5.62E-06
0.047199999	5.63E-06
0.047399999	5.64E-06
0.047599999	5.65E-06
0.047799999	5.66E-06
0.047999999	5.67E-06
0.048199999	5.68E-06
0.048399999	5.69E-06
0.048599999	5.70E-06
0.048799999	5.70E-06
0.048999999	5.71E-06
0.049199999	5.72E-06
0.049399999	5.73E-06
0.049599999	5.74E-06
0.049799999	5.75E-06
0.049999999	5.76E-06
0.050199999	5.77E-06
0.050399999	5.77E-06
0.050599999	5.78E-06
0.050799999	5.79E-06
0.050999999	5.80E-06
0.051199999	5.81E-06
0.051399999	5.82E-06
0.051599999	5.82E-06
0.051799999	5.83E-06
0.051999999	5.84E-06
0.052199999	5.85E-06
0.052399999	5.86E-06
0.052599999	5.87E-06
0.052799999	5.87E-06
0.052999999	5.88E-06
0.053199999	5.89E-06
0.053399999	5.90E-06
0.053599999	5.91E-06
0.053799999	5.92E-06
0.053999999	5.92E-06
0.054199999	5.93E-06
0.054399999	5.94E-06
0.054599999	5.95E-06
0.054799999	5.96E-06
0.054999999	5.96E-06
0.055199999	5.97E-06
0.055399999	5.98E-06
0.055599999	5.99E-06
0.055799999	6.00E-06
0.055999999	6.00E-06
0.056199999	6.01E-06
0.056399999	6.02E-06
0.056599999	6.03E-06
0.056799999	6.04E-06
0.056999999	6.04E-06
0.057199999	6.05E-06
0.057399999	6.06E-06
0.057599999	6.07E-06
0.057799999	6.07E-06
0.057999999	6.08E-06
0.058199999	6.09E-06
0.058399999	6.10E-06
0.058599999	6.11E-06
0.058799999	6.11E-06
0.058999999	6.12E-06
0.059199999	6.13E-06
0.059399999	6.14E-06
0.059599999	6.14E-06
0.059799999	6.15E-06
0.059999999	6.16E-06
0.060199999	6.17E-06
0.060399999	6.17E-06
0.060599999	6.18E-06
0.060799999	6.19E-06
0.060999999	6.20E-06
0.061199999	6.20E-06
0.061399999	6.21E-06
0.061599999	6.22E-06
0.061799999	6.23E-06
0.061999999	6.23E-06
0.062199999	6.24E-06
0.062399999	6.25E-06
0.062599999	6.25E-06
0.062799999	6.26E-06
0.062999999	6.27E-06
0.063199999	6.28E-06
0.063399999	6.28E-06
0.063599999	6.29E-06
0.063799999	6.30E-06
0.063999999	6.31E-06
0.064199999	6.31E-06
0.064399999	6.32E-06
0.064599999	6.33E-06
0.064799999	6.33E-06
0.064999999	6.34E-06
0.065199999	6.35E-06
0.065399999	6.35E-06
0.065599999	6.36E-06
0.065799999	6.37E-06
0.065999999	6.38E-06
0.066199999	6.38E-06
0.066399999	6.39E-06
0.066599999	6.40E-06
0.066799999	6.40E-06
0.066999999	6.41E-06
0.067199999	6.42E-06
0.067399999	6.42E-06
0.067599999	6.43E-06
0.067799999	6.44E-06
0.067999999	6.45E-06
0.068199999	6.45E-06
0.068399999	6.46E-06
0.068599999	6.47E-06
0.068799999	6.47E-06
0.068999999	6.48E-06
0.069199999	6.49E-06
0.069399999	6.49E-06
0.069599999	6.50E-06
0.069799999	6.51E-06
0.069999999	6.51E-06
0.070199999	6.52E-06
0.070399999	6.53E-06
0.070599999	6.53E-06
0.070799999	6.54E-06
0.070999999	6.55E-06
0.071199999	6.55E-06
0.071399999	6.56E-06
0.071599999	6.57E-06
0.071799999	6.57E-06
0.071999999	6.58E-06
0.072199999	6.59E-06
0.072399999	6.59E-06
0.072599999	6.60E-06
0.072799999	6.61E-06
0.072999999	6.61E-06
0.073199999	6.62E-06
0.073399999	6.63E-06
0.073599999	6.63E-06
0.073799999	6.64E-06
0.073999999	6.65E-06
0.074199999	6.65E-06
0.074399999	6.66E-06
0.074599999	6.67E-06
0.074799999	6.67E-06
0.074999999	6.68E-06
0.075199999	6.69E-06
0.075399999	6.69E-06
0.075599999	6.70E-06
0.075799999	6.70E-06
0.075999999	6.71E-06
0.076199999	6.72E-06
0.076399999	6.72E-06
0.076599999	6.73E-06
0.076799999	6.74E-06
0.076999999	6.74E-06
0.077199999	6.75E-06
0.077399999	6.76E-06
0.077599999	6.76E-06
0.077799999	6.77E-06
0.077999999	6.77E-06
0.078199999	6.78E-06
0.078399999	6.79E-06
0.078599999	6.79E-06
0.078799999	6.80E-06
0.078999999	6.81E-06
0.079199999	6.81E-06
0.079399999	6.82E-06
0.079599999	6.82E-06
0.079799999	6.83E-06
0.079999999	6.84E-06
0.080199999	6.84E-06
0.080399999	6.85E-06
0.080599999	6.86E-06
0.080799999	6.86E-06
0.080999999	6.87E-06
0.081199999	6.87E-06
0.081399999	6.88E-06
0.081599999	6.89E-06
0.081799999	6.89E-06
0.081999999	6.90E-06
0.082199999	6.90E-06
0.082399999	6.91E-06
0.082599999	6.92E-06
0.082799999	6.92E-06
0.082999999	6.93E-06
0.083199999	6.93E-06
0.083399999	6.94E-06
0.083599999	6.95E-06
0.083799999	6.95E-06
0.083999999	6.96E-06
0.084199999	6.96E-06
0.084399999	6.97E-06
0.084599999	6.98E-06
0.084799999	6.98E-06
0.084999999	6.99E-06
0.085199999	6.99E-06
0.085399999	7.00E-06
0.085599999	7.01E-06
0.085799999	7.01E-06
0.085999999	7.02E-06
0.086199999	7.02E-06
0.086399999	7.03E-06
0.086599999	7.04E-06
0.086799999	7.04E-06
0.086999999	7.05E-06
0.087199999	7.05E-06
0.087399999	7.06E-06
0.087599999	7.06E-06
0.087799999	7.07E-06
0.087999999	7.08E-06
0.088199999	7.08E-06
0.088399999	7.09E-06
0.088599999	7.09E-06
0.088799999	7.10E-06
0.088999999	7.11E-06
0.089199999	7.11E-06
0.089399999	7.12E-06
0.089599999	7.12E-06
0.089799999	7.13E-06
0.089999999	7.13E-06
0.090199999	7.14E-06
0.090399999	7.15E-06
0.090599999	7.15E-06
0.090799999	7.16E-06
0.090999999	7.16E-06
0.091199999	7.17E-06
0.091399999	7.17E-06
0.091599999	7.18E-06
0.091799999	7.19E-06
0.091999999	7.19E-06
0.092199999	7.20E-06
0.092399999	7.20E-06
0.092599999	7.21E-06
0.092799999	7.21E-06
0.092999999	7.22E-06
0.093199999	7.23E-06
0.093399999	7.23E-06
0.093599999	7.24E-06
0.093799999	7.24E-06
0.093999999	7.25E-06
0.094199999	7.25E-06
0.094399999	7.26E-06
0.094599999	7.26E-06
0.094799999	7.27E-06
0.094999999	7.28E-06
0.095199999	7.28E-06
0.095399999	7.29E-06
0.095599999	7.29E-06
0.095799999	7.30E-06
0.095999999	7.30E-06
0.096199999	7.31E-06
0.096399999	7.31E-06
0.096599999	7.32E-06
0.096799999	7.32E-06
0.096999999	7.33E-06
0.097199999	7.34E-06
0.097399999	7.34E-06
0.097599999	7.35E-06
0.097799999	7.35E-06
0.097999999	7.36E-06
0.098199999	7.36E-06
0.098399999	7.37E-06
0.098599999	7.37E-06
0.098799999	7.38E-06
0.098999999	7.38E-06
0.099199999	7.39E-06
0.099399999	7.40E-06
0.099599999	7.40E-06
0.099799999	7.41E-06
0.099999999	7.41E-06
0.100199999	7.42E-06
0.100399999	7.42E-06
0.100599999	7.43E-06
0.100799999	7.43E-06
0.100999999	7.44E-06
0.101199999	7.44E-06
0.101399999	7.45E-06
0.101599999	7.45E-06
0.101799999	7.46E-06
0.101999999	7.47E-06
0.102199999	7.47E-06
0.102399999	7.48E-06
0.102599999	7.48E-06
0.102799999	7.49E-06
0.102999999	7.49E-06
0.103199999	7.50E-06
0.103399999	7.50E-06
0.103599999	7.51E-06
0.103799999	7.51E-06
0.103999999	7.52E-06
0.104199999	7.52E-06
0.104399999	7.53E-06
0.104599999	7.53E-06
0.104799999	7.54E-06
0.104999999	7.54E-06
0.105199999	7.55E-06
0.105399999	7.55E-06
0.105599999	7.56E-06
0.105799999	7.56E-06
0.105999999	7.57E-06
0.106199999	7.58E-06
0.106399999	7.58E-06
0.106599999	7.59E-06
0.106799999	7.59E-06
0.106999999	7.60E-06
0.107199999	7.60E-06
0.107399999	7.61E-06
0.107599999	7.61E-06
0.107799999	7.62E-06
0.107999999	7.62E-06
0.108199999	7.63E-06
0.108399999	7.63E-06
0.108599999	7.64E-06
0.108799999	7.64E-06
0.108999999	7.65E-06
0.109199999	7.65E-06
0.109399999	7.66E-06
0.109599999	7.66E-06
0.109799999	7.67E-06
0.109999999	7.67E-06
0.110199999	7.68E-06
0.110399999	7.68E-06
0.110599999	7.69E-06
0.110799999	7.69E-06
0.110999999	7.70E-06
0.111199999	7.70E-06
0.111399999	7.71E-06
0.111599999	7.71E-06
0.111799999	7.72E-06
0.111999999	7.72E-06
0.112199999	7.73E-06
0.112399999	7.73E-06
0.112599999	7.74E-06
0.112799999	7.74E-06
0.112999999	7.75E-06
0.113199999	7.75E-06
0.113399999	7.76E-06
0.113599999	7.76E-06
0.113799999	7.77E-06
0.113999999	7.77E-06
0.114199999	7.78E-06
0.114399999	7.78E-06
0.114599999	7.79E-06
0.114799999	7.79E-06
0.114999999	7.80E-06
0.115199999	7.80E-06
0.115399999	7.81E-06
0.115599999	7.81E-06
0.115799999	7.82E-06
0.115999999	7.82E-06
0.116199999	7.83E-06
0.116399999	7.83E-06
0.116599999	7.84E-06
0.116799999	7.84E-06
0.116999999	7.85E-06
0.117199999	7.85E-06
0.117399999	7.86E-06
0.117599999	7.86E-06
0.117799999	7.87E-06
0.117999999	7.87E-06
0.118199999	7.88E-06
0.118399999	7.88E-06
0.118599999	7.89E-06
0.118799999	7.89E-06
0.118999999	7.90E-06
0.119199999	7.90E-06
0.119399999	7.91E-06
0.119599999	7.91E-06
0.119799999	7.92E-06
0.119999999	7.92E-06
0.120199998	7.92E-06
0.120399998	7.93E-06
0.120599999	7.93E-06
0.120799999	7.94E-06
0.120999999	7.94E-06
0.121199999	7.95E-06
0.121399999	7.95E-06
0.121599998	7.96E-06
0.121799999	7.96E-06
0.121999999	7.97E-06
0.122199998	7.97E-06
0.122399998	7.98E-06
0.122599998	7.98E-06
0.122799998	7.99E-06
0.122999998	7.99E-06
0.123199998	8.00E-06
0.123399998	8.00E-06
0.123599998	8.01E-06
0.123799998	8.01E-06
0.123999998	8.02E-06
0.124199998	8.02E-06
0.124399998	8.03E-06
0.124599998	8.03E-06
0.124799998	8.04E-06
0.124999998	8.04E-06
0.125199998	8.04E-06
0.125399998	8.05E-06
0.125599998	8.05E-06
0.125799998	8.06E-06
0.125999998	8.06E-06
0.126199998	8.07E-06
0.126399998	8.07E-06
0.126599998	8.08E-06
0.126799998	8.08E-06
0.126999998	8.09E-06
0.127199998	8.09E-06
0.127399998	8.10E-06
0.127599998	8.10E-06
0.127799998	8.11E-06
0.127999998	8.11E-06
0.128199998	8.12E-06
0.128399998	8.12E-06
0.128599998	8.12E-06
0.128799998	8.13E-06
0.128999998	8.13E-06
0.129199998	8.14E-06
0.129399998	8.14E-06
0.129599998	8.15E-06
0.129799998	8.15E-06
0.129999998	8.16E-06
0.130199998	8.16E-06
0.130399998	8.17E-06
0.130599998	8.17E-06
0.130799998	8.18E-06
0.130999998	8.18E-06
0.131199998	8.18E-06
0.131399998	8.19E-06
0.131599998	8.19E-06
0.131799998	8.20E-06
0.131999998	8.20E-06
0.132199998	8.21E-06
0.132399998	8.21E-06
0.132599998	8.22E-06
0.132799998	8.22E-06
0.132999998	8.23E-06
0.133199998	8.23E-06
0.133399998	8.23E-06
0.133599998	8.24E-06
0.133799998	8.24E-06
0.133999998	8.25E-06
0.134199998	8.25E-06
0.134399998	8.26E-06
0.134599998	8.26E-06
0.134799998	8.27E-06
0.134999998	8.27E-06
0.135199998	8.28E-06
0.135399998	8.28E-06
0.135599998	8.28E-06
0.135799998	8.29E-06
0.135999998	8.29E-06
0.136199998	8.30E-06
0.136399998	8.30E-06
0.136599998	8.31E-06
0.136799998	8.31E-06
0.136999998	8.32E-06
0.137199998	8.32E-06
0.137399998	8.33E-06
0.137599998	8.33E-06
0.137799998	8.33E-06
0.137999998	8.34E-06
0.138199998	8.34E-06
0.138399998	8.35E-06
0.138599998	8.35E-06
0.138799998	8.36E-06
0.138999998	8.36E-06
0.139199998	8.37E-06
0.139399998	8.37E-06
0.139599998	8.38E-06
0.139799998	8.38E-06
0.139999998	8.38E-06
0.140199998	8.39E-06
0.140399998	8.39E-06
0.140599998	8.40E-06
0.140799998	8.40E-06
0.140999998	8.41E-06
0.141199998	8.41E-06
0.141399998	8.42E-06
0.141599998	8.42E-06
0.141799998	8.42E-06
0.141999998	8.43E-06
0.142199998	8.43E-06
0.142399998	8.44E-06
0.142599998	8.44E-06
0.142799998	8.45E-06
0.142999998	8.45E-06
0.143199998	8.45E-06
0.143399998	8.46E-06
0.143599998	8.46E-06
0.143799998	8.47E-06
0.143999998	8.47E-06
0.144199998	8.48E-06
0.144399998	8.48E-06
0.144599998	8.49E-06
0.144799998	8.49E-06
0.144999998	8.49E-06
0.145199998	8.50E-06
0.145399998	8.50E-06
0.145599998	8.51E-06
0.145799998	8.51E-06
0.145999998	8.52E-06
0.146199998	8.52E-06
0.146399998	8.52E-06
0.146599998	8.53E-06
0.146799998	8.53E-06
0.146999998	8.54E-06
0.147199998	8.54E-06
0.147399998	8.55E-06
0.147599998	8.55E-06
0.147799998	8.55E-06
0.147999998	8.56E-06
0.148199998	8.56E-06
0.148399998	8.57E-06
0.148599998	8.57E-06
0.148799998	8.58E-06
0.148999998	8.58E-06
0.149199998	8.59E-06
0.149399998	8.59E-06
0.149599998	8.59E-06
0.149799998	8.60E-06
0.149999998	8.60E-06
0.150199998	8.61E-06
0.150399998	8.61E-06
0.150599998	8.62E-06
0.150799998	8.62E-06
0.150999998	8.62E-06
0.151199998	8.63E-06
0.151399998	8.63E-06
0.151599998	8.64E-06
0.151799998	8.64E-06
0.151999998	8.65E-06
0.152199998	8.65E-06
0.152399998	8.65E-06
0.152599998	8.66E-06
0.152799998	8.66E-06
0.152999998	8.67E-06
0.153199998	8.67E-06
0.153399998	8.68E-06
0.153599998	8.68E-06
0.153799998	8.68E-06
0.153999998	8.69E-06
0.154199998	8.69E-06
0.154399998	8.70E-06
0.154599998	8.70E-06
0.154799998	8.71E-06
0.154999998	8.71E-06
0.155199998	8.71E-06
0.155399998	8.72E-06
0.155599998	8.72E-06
0.155799998	8.73E-06
0.155999998	8.73E-06
0.156199998	8.73E-06
0.156399998	8.74E-06
0.156599998	8.74E-06
0.156799998	8.75E-06
0.156999998	8.75E-06
0.157199998	8.76E-06
0.157399998	8.76E-06
0.157599998	8.76E-06
0.157799998	8.77E-06
0.157999998	8.77E-06
0.158199998	8.78E-06
0.158399998	8.78E-06
0.158599998	8.78E-06
0.158799998	8.79E-06
0.158999998	8.79E-06
0.159199998	8.80E-06
0.159399998	8.80E-06
0.159599998	8.81E-06
0.159799998	8.81E-06
0.159999998	8.81E-06
0.160199998	8.82E-06
0.160399998	8.82E-06
0.160599998	8.83E-06
0.160799998	8.83E-06
0.160999998	8.83E-06
0.161199998	8.84E-06
0.161399998	8.84E-06
0.161599998	8.85E-06
0.161799998	8.85E-06
0.161999998	8.86E-06
0.162199998	8.86E-06
0.162399998	8.86E-06
0.162599998	8.87E-06
0.162799998	8.87E-06
0.162999998	8.88E-06
0.163199998	8.88E-06
0.163399998	8.88E-06
0.163599998	8.89E-06
0.163799998	8.89E-06
0.163999998	8.90E-06
0.164199998	8.90E-06
0.164399998	8.90E-06
0.164599998	8.91E-06
0.164799998	8.91E-06
0.164999998	8.92E-06
0.165199998	8.92E-06
0.165399998	8.92E-06
0.165599998	8.93E-06
0.165799998	8.93E-06
0.165999998	8.94E-06
0.166199998	8.94E-06
0.166399998	8.94E-06
0.166599998	8.95E-06
0.166799998	8.95E-06
0.166999998	8.96E-06
0.167199998	8.96E-06
0.167399998	8.96E-06
0.167599998	8.97E-06
0.167799998	8.97E-06
0.167999998	8.98E-06
0.168199998	8.98E-06
0.168399998	8.98E-06
0.168599998	8.99E-06
0.168799998	8.99E-06
0.168999998	9.00E-06
0.169199998	9.00E-06
0.169399998	9.00E-06
0.169599998	9.01E-06
0.169799998	9.01E-06
0.169999998	9.02E-06
0.170199998	9.02E-06
0.170399998	9.03E-06
0.170599998	9.03E-06
0.170799998	9.03E-06
0.170999998	9.04E-06
0.171199998	9.04E-06
0.171399998	9.05E-06
0.171599998	9.05E-06
0.171799998	9.05E-06
0.171999998	9.06E-06
0.172199998	9.06E-06
0.172399998	9.07E-06
0.172599998	9.07E-06
0.172799998	9.07E-06
0.172999998	9.08E-06
0.173199998	9.08E-06
0.173399998	9.09E-06
0.173599998	9.09E-06
0.173799998	9.09E-06
0.173999998	9.10E-06
0.174199998	9.10E-06
0.174399998	9.11E-06
0.174599998	9.11E-06
0.174799998	9.11E-06
0.174999998	9.12E-06
0.175199998	9.12E-06
0.175399998	9.13E-06
0.175599998	9.13E-06
0.175799998	9.13E-06
0.175999998	9.14E-06
0.176199998	9.14E-06
0.176399998	9.15E-06
0.176599998	9.15E-06
0.176799998	9.15E-06
0.176999998	9.16E-06
0.177199998	9.16E-06
0.177399998	9.17E-06
0.177599998	9.17E-06
0.177799998	9.17E-06
0.177999998	9.18E-06
0.178199998	9.18E-06
0.178399998	9.18E-06
0.178599998	9.19E-06
0.178799998	9.19E-06
0.178999998	9.20E-06
0.179199998	9.20E-06
0.179399998	9.20E-06
0.179599998	9.21E-06
0.179799998	9.21E-06
0.179999998	9.22E-06
0.180199998	9.22E-06
0.180399998	9.22E-06
0.180599998	9.23E-06
0.180799998	9.23E-06
0.180999998	9.24E-06
0.181199998	9.24E-06
0.181399998	9.24E-06
0.181599998	9.25E-06
0.181799998	9.25E-06
0.181999998	9.25E-06
0.182199998	9.26E-06
0.182399998	9.26E-06
0.182599998	9.27E-06
0.182799998	9.27E-06
0.182999998	9.27E-06
0.183199998	9.28E-06
0.183399998	9.28E-06
0.183599998	9.29E-06
0.183799998	9.29E-06
0.183999998	9.29E-06
0.184199998	9.30E-06
0.184399998	9.30E-06
0.184599998	9.30E-06
0.184799998	9.31E-06
0.184999998	9.31E-06
0.185199998	9.32E-06
0.185399998	9.32E-06
0.185599998	9.32E-06
0.185799998	9.33E-06
0.185999998	9.33E-06
0.186199998	9.34E-06
0.186399998	9.34E-06
0.186599998	9.34E-06
0.186799998	9.35E-06
0.186999998	9.35E-06
0.187199998	9.36E-06
0.187399998	9.36E-06
0.187599998	9.36E-06
0.187799998	9.37E-06
0.187999998	9.37E-06
0.188199998	9.37E-06
0.188399998	9.38E-06
0.188599998	9.38E-06
0.188799998	9.39E-06
0.188999998	9.39E-06
0.189199998	9.39E-06
0.189399998	9.40E-06
0.189599998	9.40E-06
0.189799998	9.40E-06
0.189999998	9.41E-06
0.190199998	9.41E-06
0.190399998	9.42E-06
0.190599998	9.42E-06
0.190799998	9.42E-06
0.190999998	9.43E-06
0.191199998	9.43E-06
0.191399998	9.44E-06
0.191599998	9.44E-06
0.191799998	9.44E-06
0.191999998	9.45E-06
0.192199998	9.45E-06
0.192399998	9.45E-06
0.192599998	9.46E-06
0.192799998	9.46E-06
0.192999998	9.47E-06
0.193199998	9.47E-06
0.193399998	9.47E-06
0.193599998	9.48E-06
0.193799998	9.48E-06
0.193999998	9.48E-06
0.194199998	9.49E-06
0.194399998	9.49E-06
0.194599998	9.50E-06
0.194799998	9.50E-06
0.194999998	9.50E-06
0.195199998	9.51E-06
0.195399998	9.51E-06
0.195599998	9.52E-06
0.195799998	9.52E-06
0.195999998	9.52E-06
0.196199998	9.53E-06
0.196399998	9.53E-06
0.196599998	9.53E-06
0.196799998	9.54E-06
0.196999998	9.54E-06
0.197199998	9.54E-06
0.197399998	9.55E-06
0.197599998	9.55E-06
0.197799998	9.56E-06
0.197999998	9.56E-06
0.198199998	9.56E-06
0.198399998	9.57E-06
0.198599998	9.57E-06
0.198799998	9.57E-06
0.198999998	9.58E-06
0.199199998	9.58E-06
0.199399998	9.59E-06
0.199599998	9.59E-06
0.199799998	9.59E-06
0.200399998	9.60E-06
0.208399997	9.75E-06
0.216399997	9.89E-06
0.224399997	1.00E-05
0.232399997	1.02E-05
0.240399997	1.03E-05
0.248399997	1.05E-05
0.256399997	1.06E-05
0.264399997	1.07E-05
0.272399997	1.08E-05
0.280399997	1.10E-05
0.288399996	1.11E-05
0.296399996	1.12E-05
0.304399996	1.14E-05
0.312399996	1.15E-05
0.320399996	1.16E-05
0.328399996	1.17E-05
0.336399996	1.18E-05
0.344399996	1.20E-05
0.352399996	1.21E-05
0.360399996	1.22E-05
0.368399995	1.23E-05
0.376399995	1.24E-05
0.384399995	1.25E-05
0.392399995	1.27E-05
0.400399995	1.28E-05
0.408399995	1.29E-05
0.416399995	1.30E-05
0.424399995	1.31E-05
0.432399995	1.32E-05
0.440399995	1.33E-05
0.448399995	1.34E-05
0.456399994	1.35E-05
0.464399994	1.36E-05
0.472399994	1.37E-05
0.480399994	1.38E-05
0.488399994	1.40E-05
0.496399994	1.41E-05
0.504399994	1.42E-05
0.512399994	1.43E-05
0.520399994	1.44E-05
0.528399994	1.45E-05
0.536399993	1.46E-05
0.544399993	1.47E-05
0.552399993	1.48E-05
0.560399993	1.49E-05
0.568399993	1.50E-05
0.576399993	1.51E-05
0.584399993	1.52E-05
0.592399993	1.53E-05
0.600399993	1.54E-05
0.608399993	1.55E-05
0.616399992	1.56E-05
0.624399992	1.57E-05
0.632399992	1.57E-05
0.640399992	1.58E-05
0.648399992	1.59E-05
0.656399992	1.60E-05
0.664399992	1.61E-05
0.672399992	1.62E-05
0.680399992	1.63E-05
0.688399992	1.64E-05
0.696399992	1.65E-05
0.704399991	1.66E-05
0.712399991	1.67E-05
0.720399991	1.68E-05
0.728399991	1.69E-05
0.736399991	1.70E-05
0.744399991	1.70E-05
0.752399991	1.71E-05
0.760399991	1.72E-05
0.768399991	1.73E-05
0.776399991	1.74E-05
0.78439999	1.75E-05
0.79239999	1.76E-05
0.80039999	1.77E-05
0.80839999	1.78E-05
0.81639999	1.79E-05
0.82439999	1.79E-05
0.83239999	1.80E-05
0.84039999	1.81E-05
0.84839999	1.82E-05
0.85639999	1.83E-05
0.864399989	1.84E-05
0.872399989	1.85E-05
0.880399989	1.86E-05
0.888399989	1.86E-05
0.896399989	1.87E-05
0.904399989	1.88E-05
0.912399989	1.89E-05
0.920399989	1.90E-05
0.928399989	1.91E-05
0.936399989	1.91E-05
0.944399989	1.92E-05
0.952399988	1.93E-05
0.960399988	1.94E-05
0.968399988	1.95E-05
0.976399988	1.96E-05
0.984399988	1.97E-05
0.992399988	1.97E-05
1.000199988	1.98E-05
1.000599988	1.98E-05
2.000599976	2.87E-05
3.000599964	3.53E-05
4.000599952	4.04E-05
5.000599939	4.44E-05
6.000599927	4.75E-05
7.000599915	5.00E-05
8.000599903	5.19E-05
9.000599891	5.36E-05
10.00059988	5.51E-05
11.00059987	5.63E-05
12.00059985	5.74E-05
13.00059984	5.84E-05
14.00059983	5.93E-05
15.00059982	6.01E-05
16.00059981	6.09E-05
17.00059979	6.16E-05
18.00059978	6.23E-05
19.00059977	6.29E-05
20.00059976	6.35E-05
21.00059975	6.41E-05
22.00059973	6.47E-05
23.00059972	6.53E-05
24.00059971	6.59E-05
25.0005997	6.64E-05
26.00059969	6.69E-05
27.00059967	6.74E-05
28.00059966	6.78E-05
29.00059965	6.83E-05
30.00059964	6.86E-05
31.00059962	6.90E-05
32.00059961	6.94E-05
33.0005996	6.97E-05
34.00059959	7.01E-05
35.00059958	7.05E-05
36.00059956	7.09E-05
37.00059955	7.12E-05
38.00059954	7.16E-05
39.00059953	7.19E-05
40.00059952	7.22E-05
41.0005995	7.25E-05
42.00059949	7.28E-05
43.00059948	7.31E-05
44.00059947	7.34E-05
45.00059946	7.37E-05
46.00059944	7.40E-05
47.00059943	7.44E-05
48.00059942	7.47E-05
49.00059941	7.50E-05
50.00059939	7.53E-05
51.00059938	7.55E-05
52.00059937	7.58E-05
53.00059936	7.62E-05
54.00059935	7.65E-05
55.00059933	7.68E-05
56.00059932	7.71E-05
57.00059931	7.74E-05
58.0005993	7.76E-05
59.00059929	7.79E-05
60.00059927	7.81E-05
61.00059926	7.83E-05
62.00059925	7.85E-05
63.00059924	7.88E-05
64.00059923	7.90E-05
65.00059921	7.93E-05
66.0005992	7.95E-05
67.00059919	7.98E-05
68.00059918	7.99E-05
69.00059916	8.01E-05
70.00059915	8.04E-05
71.00059914	8.06E-05
72.00059913	8.07E-05
73.00059912	8.08E-05
74.0005991	8.09E-05
75.00059909	8.10E-05
76.00059908	8.11E-05
77.00059907	8.12E-05
78.00059906	8.13E-05
79.00059904	8.14E-05
80.00059903	8.15E-05
81.00059902	8.16E-05
82.00059901	8.17E-05
83.000599	8.19E-05
84.00059898	8.20E-05
85.00059897	8.21E-05
86.00059896	8.22E-05
87.00059895	8.24E-05
88.00059893	8.26E-05
89.00059892	8.27E-05
90.00059891	8.29E-05
91.0005989	8.30E-05
92.00059889	8.31E-05
93.00059887	8.32E-05
94.00059886	8.34E-05
95.00059885	8.35E-05
96.00059884	8.37E-05
97.00059883	8.38E-05
98.00059881	8.40E-05
99.0005988	8.41E-05
100.0005988	8.43E-05
101.0005988	8.45E-05
102.0005988	8.46E-05
103.0005988	8.47E-05
104.0005987	8.48E-05
105.0005987	8.50E-05
106.0005987	8.52E-05
107.0005987	8.53E-05
108.0005987	8.55E-05
109.0005987	8.56E-05
110.0005987	8.58E-05
111.0005987	8.59E-05
112.0005986	8.61E-05
113.0005986	8.62E-05
114.0005986	8.63E-05
115.0005986	8.65E-05
116.0005986	8.66E-05
117.0005986	8.67E-05
118.0005986	8.68E-05
119.0005986	8.69E-05
120.0005985	8.70E-05
121.0005985	8.71E-05
122.0005985	8.73E-05
123.0005985	8.74E-05
124.0005985	8.75E-05
125.0005985	8.76E-05
126.0005985	8.78E-05
127.0005985	8.79E-05
128.0005985	8.81E-05
129.0005984	8.82E-05
130.0005984	8.83E-05
131.0005984	8.84E-05
132.0005984	8.84E-05
133.0005984	8.85E-05
134.0005984	8.85E-05
135.0005984	8.85E-05
136.0005984	8.85E-05
137.0005983	8.84E-05
138.0005983	8.84E-05
139.0005983	8.84E-05
140.0005983	8.83E-05
141.0005983	8.82E-05
142.0005983	8.82E-05
143.0005983	8.81E-05
144.0005983	8.80E-05
145.0005982	8.80E-05
146.0005982	8.79E-05
147.0005982	8.79E-05
148.0005982	8.78E-05
149.0005982	8.78E-05
150.0005982	8.78E-05
151.0005982	8.78E-05
152.0005982	8.79E-05
153.0005981	8.79E-05
154.0005981	8.80E-05
155.0005981	8.81E-05
156.0005981	8.81E-05
157.0005981	8.82E-05
158.0005981	8.83E-05
159.0005981	8.84E-05
160.0005981	8.85E-05
161.0005981	8.85E-05
162.000598	8.85E-05
163.000598	8.85E-05
164.000598	8.85E-05
165.000598	8.85E-05
166.000598	8.86E-05
167.000598	8.87E-05
168.000598	8.87E-05
169.000598	8.87E-05
170.0005979	8.88E-05
171.0005979	8.88E-05
172.0005979	8.88E-05
173.0005979	8.89E-05
174.0005979	8.89E-05
175.0005979	8.89E-05
176.0005979	8.89E-05
177.0005979	8.89E-05
178.0005978	8.89E-05
179.0005978	8.89E-05
180.0005978	8.89E-05
181.0005978	8.89E-05
182.0005978	8.90E-05
183.0005978	8.90E-05
184.0005978	8.90E-05
185.0005978	8.90E-05
186.0005977	8.90E-05
187.0005977	8.90E-05
188.0005977	8.90E-05
189.0005977	8.90E-05
190.0005977	8.90E-05
191.0005977	8.89E-05
192.0005977	8.89E-05
193.0005977	8.90E-05
194.0005977	8.90E-05
195.0005976	8.90E-05
196.0005976	8.90E-05
197.0005976	8.90E-05
198.0005976	8.90E-05
199.0005976	8.90E-05
200.0005976	8.90E-05
201.0005976	8.89E-05
202.0005976	8.89E-05
203.0005975	8.88E-05
204.0005975	8.88E-05
205.0005975	8.88E-05
206.0005975	8.88E-05
207.0005975	8.88E-05
208.0005975	8.88E-05
209.0005975	8.88E-05
210.0005975	8.88E-05
211.0005974	8.88E-05
212.0005974	8.88E-05
213.0005974	8.89E-05
214.0005974	8.89E-05
215.0005974	8.89E-05
216.0005974	8.88E-05
217.0005974	8.88E-05
218.0005974	8.88E-05
219.0005973	8.87E-05
220.0005973	8.86E-05
221.0005973	8.85E-05
222.0005973	8.84E-05
223.0005973	8.83E-05
224.0005973	8.82E-05
225.0005973	8.81E-05
226.0005973	8.80E-05
227.0005973	8.79E-05
228.0005972	8.79E-05
229.0005972	8.79E-05
230.0005972	8.78E-05
231.0005972	8.77E-05
232.0005972	8.76E-05
233.0005972	8.75E-05
234.0005972	8.74E-05
235.0005972	8.73E-05
236.0005971	8.72E-05
237.0005971	8.72E-05
238.0005971	8.71E-05
239.0005971	8.70E-05
240.0005971	8.70E-05
241.0005971	8.69E-05
242.0005971	8.68E-05
243.0005971	8.67E-05
244.000597	8.66E-05
245.000597	8.65E-05
246.000597	8.63E-05
247.000597	8.62E-05
248.000597	8.61E-05
249.000597	8.60E-05
250.000597	8.59E-05
251.000597	8.58E-05
252.0005969	8.58E-05
253.0005969	8.57E-05
254.0005969	8.56E-05
255.0005969	8.56E-05
256.0005969	8.56E-05
257.0005969	8.56E-05
258.0005969	8.56E-05
259.0005969	8.56E-05
260.0005969	8.57E-05
261.0005968	8.57E-05
262.0005968	8.57E-05
263.0005968	8.57E-05
264.0005968	8.57E-05
265.0005968	8.57E-05
266.0005968	8.58E-05
267.0005968	8.58E-05
268.0005968	8.58E-05
269.0005967	8.57E-05
270.0005967	8.57E-05
271.0005967	8.57E-05
272.0005967	8.56E-05
273.0005967	8.55E-05
274.0005967	8.55E-05
275.0005967	8.54E-05
276.0005967	8.54E-05
277.0005966	8.54E-05
278.0005966	8.54E-05
279.0005966	8.54E-05
280.0005966	8.55E-05
281.0005966	8.55E-05
282.0005966	8.55E-05
283.0005966	8.55E-05
284.0005966	8.55E-05
285.0005965	8.55E-05
286.0005965	8.55E-05
287.0005965	8.55E-05
288.0005965	8.55E-05
289.0005965	8.55E-05
290.0005965	8.55E-05
291.0005965	8.54E-05
292.0005965	8.53E-05
293.0005965	8.51E-05
294.0005964	8.50E-05
295.0005964	8.49E-05
296.0005964	8.48E-05
297.0005964	8.46E-05
298.0005964	8.45E-05
299.0005964	8.44E-05
300.0003964	8.43E-05